"","Loan_ID","Gender","Married","Dependents","Education","Self_Employed","ApplicantIncome","CoapplicantIncome","LoanAmount","Loan_Amount_Term","Credit_History","Property_Area","Loan_Status"
"1","LP001002","Male","0","0","1","No",5849,0,NA,"360","1","0","1"
"2","LP001003","Male","1","1","1","No",4583,1508,128,"360","1","1","0"
"3","LP001005","Male","1","0","1","Yes",3000,0,66,"360","1","0","1"
"4","LP001006","Male","1","0","0","No",2583,2358,120,"360","1","0","1"
"5","LP001008","Male","0","0","1","No",6000,0,141,"360","1","0","1"
"6","LP001011","Male","1","2","1","Yes",5417,4196,267,"360","1","0","1"
"7","LP001013","Male","1","0","0","No",2333,1516,95,"360","1","0","1"
"8","LP001014","Male","1","3+","1","No",3036,2504,158,"360","0","2","0"
"9","LP001018","Male","1","2","1","No",4006,1526,168,"360","1","0","1"
"10","LP001020","Male","1","1","1","No",12841,10968,349,"360","1","2","0"
"11","LP001024","Male","1","2","1","No",3200,700,70,"360","1","0","1"
"12","LP001027","Male","1","2","1","",2500,1840,109,"360","1","0","1"
"13","LP001028","Male","1","2","1","No",3073,8106,200,"360","1","0","1"
"14","LP001029","Male","0","0","1","No",1853,2840,114,"360","1","1","0"
"15","LP001030","Male","1","2","1","No",1299,1086,17,"120","1","0","1"
"16","LP001032","Male","0","0","1","No",4950,0,125,"360","1","0","1"
"17","LP001034","Male","0","1","0","No",3596,0,100,"240",NA,"0","1"
"18","LP001036","Female","0","0","1","No",3510,0,76,"360","0","0","0"
"19","LP001038","Male","1","0","0","No",4887,0,133,"360","1","1","0"
"20","LP001041","Male","1","0","1","",2600,3500,115,NA,"1","0","1"
"21","LP001043","Male","1","0","0","No",7660,0,104,"360","0","0","0"
"22","LP001046","Male","1","1","1","No",5955,5625,315,"360","1","0","1"
"23","LP001047","Male","1","0","0","No",2600,1911,116,"360","0","2","0"
"24","LP001050","","1","2","0","No",3365,1917,112,"360","0","1","0"
"25","LP001052","Male","1","1","1","",3717,2925,151,"360",NA,"2","0"
"26","LP001066","Male","1","0","1","Yes",9560,0,191,"360","1","2","1"
"27","LP001068","Male","1","0","1","No",2799,2253,122,"360","1","2","1"
"28","LP001073","Male","1","2","0","No",4226,1040,110,"360","1","0","1"
"29","LP001086","Male","0","0","0","No",1442,0,35,"360","1","0","0"
"30","LP001087","Female","0","2","1","",3750,2083,120,"360","1","2","1"
"31","LP001091","Male","1","1","1","",4166,3369,201,"360",NA,"0","0"
"32","LP001095","Male","0","0","1","No",3167,0,74,"360","1","0","0"
"33","LP001097","Male","0","1","1","Yes",4692,0,106,"360","1","1","0"
"34","LP001098","Male","1","0","1","No",3500,1667,114,"360","1","2","1"
"35","LP001100","Male","0","3+","1","No",12500,3000,320,"360","1","1","0"
"36","LP001106","Male","1","0","1","No",2275,2067,NA,"360","1","0","1"
"37","LP001109","Male","1","0","1","No",1828,1330,100,NA,"0","0","0"
"38","LP001112","Female","1","0","1","No",3667,1459,144,"360","1","2","1"
"39","LP001114","Male","0","0","1","No",4166,7210,184,"360","1","0","1"
"40","LP001116","Male","0","0","0","No",3748,1668,110,"360","1","2","1"
"41","LP001119","Male","0","0","1","No",3600,0,80,"360","1","0","0"
"42","LP001120","Male","0","0","1","No",1800,1213,47,"360","1","0","1"
"43","LP001123","Male","1","0","1","No",2400,0,75,"360",NA,"0","1"
"44","LP001131","Male","1","0","1","No",3941,2336,134,"360","1","2","1"
"45","LP001136","Male","1","0","0","Yes",4695,0,96,NA,"1","0","1"
"46","LP001137","Female","0","0","1","No",3410,0,88,NA,"1","0","1"
"47","LP001138","Male","1","1","1","No",5649,0,44,"360","1","0","1"
"48","LP001144","Male","1","0","1","No",5821,0,144,"360","1","0","1"
"49","LP001146","Female","1","0","1","No",2645,3440,120,"360","0","0","0"
"50","LP001151","Female","0","0","1","No",4000,2275,144,"360","1","2","1"
"51","LP001155","Female","1","0","0","No",1928,1644,100,"360","1","2","1"
"52","LP001157","Female","0","0","1","No",3086,0,120,"360","1","2","1"
"53","LP001164","Female","0","0","1","No",4230,0,112,"360","1","2","0"
"54","LP001179","Male","1","2","1","No",4616,0,134,"360","1","0","0"
"55","LP001186","Female","1","1","1","Yes",11500,0,286,"360","0","0","0"
"56","LP001194","Male","1","2","1","No",2708,1167,97,"360","1","2","1"
"57","LP001195","Male","1","0","1","No",2132,1591,96,"360","1","2","1"
"58","LP001197","Male","1","0","1","No",3366,2200,135,"360","1","1","0"
"59","LP001198","Male","1","1","1","No",8080,2250,180,"360","1","0","1"
"60","LP001199","Male","1","2","0","No",3357,2859,144,"360","1","0","1"
"61","LP001205","Male","1","0","1","No",2500,3796,120,"360","1","0","1"
"62","LP001206","Male","1","3+","1","No",3029,0,99,"360","1","0","1"
"63","LP001207","Male","1","0","0","Yes",2609,3449,165,"180","0","1","0"
"64","LP001213","Male","1","1","1","No",4945,0,NA,"360","0","1","0"
"65","LP001222","Female","0","0","1","No",4166,0,116,"360","0","2","0"
"66","LP001225","Male","1","0","1","No",5726,4595,258,"360","1","2","0"
"67","LP001228","Male","0","0","0","No",3200,2254,126,"180","0","0","0"
"68","LP001233","Male","1","1","1","No",10750,0,312,"360","1","0","1"
"69","LP001238","Male","1","3+","0","Yes",7100,0,125,"60","1","0","1"
"70","LP001241","Female","0","0","1","No",4300,0,136,"360","0","2","0"
"71","LP001243","Male","1","0","1","No",3208,3066,172,"360","1","0","1"
"72","LP001245","Male","1","2","0","Yes",1875,1875,97,"360","1","2","1"
"73","LP001248","Male","0","0","1","No",3500,0,81,"300","1","2","1"
"74","LP001250","Male","1","3+","0","No",4755,0,95,NA,"0","2","0"
"75","LP001253","Male","1","3+","1","Yes",5266,1774,187,"360","1","2","1"
"76","LP001255","Male","0","0","1","No",3750,0,113,"480","1","0","0"
"77","LP001256","Male","0","0","1","No",3750,4750,176,"360","1","0","0"
"78","LP001259","Male","1","1","1","Yes",1000,3022,110,"360","1","0","0"
"79","LP001263","Male","1","3+","1","No",3167,4000,180,"300","0","2","0"
"80","LP001264","Male","1","3+","0","Yes",3333,2166,130,"360",NA,"2","1"
"81","LP001265","Female","0","0","1","No",3846,0,111,"360","1","2","1"
"82","LP001266","Male","1","1","1","Yes",2395,0,NA,"360","1","2","1"
"83","LP001267","Female","1","2","1","No",1378,1881,167,"360","1","0","0"
"84","LP001273","Male","1","0","1","No",6000,2250,265,"360",NA,"2","0"
"85","LP001275","Male","1","1","1","No",3988,0,50,"240","1","0","1"
"86","LP001279","Male","0","0","1","No",2366,2531,136,"360","1","2","1"
"87","LP001280","Male","1","2","0","No",3333,2000,99,"360",NA,"2","1"
"88","LP001282","Male","1","0","1","No",2500,2118,104,"360","1","2","1"
"89","LP001289","Male","0","0","1","No",8566,0,210,"360","1","0","1"
"90","LP001310","Male","1","0","1","No",5695,4167,175,"360","1","2","1"
"91","LP001316","Male","1","0","1","No",2958,2900,131,"360","1","2","1"
"92","LP001318","Male","1","2","1","No",6250,5654,188,"180","1","2","1"
"93","LP001319","Male","1","2","0","No",3273,1820,81,"360","1","0","1"
"94","LP001322","Male","0","0","1","No",4133,0,122,"360","1","2","1"
"95","LP001325","Male","0","0","0","No",3620,0,25,"120","1","2","1"
"96","LP001326","Male","0","0","1","",6782,0,NA,"360",NA,"0","0"
"97","LP001327","Female","1","0","1","No",2484,2302,137,"360","1","2","1"
"98","LP001333","Male","1","0","1","No",1977,997,50,"360","1","2","1"
"99","LP001334","Male","1","0","0","No",4188,0,115,"180","1","2","1"
"100","LP001343","Male","1","0","1","No",1759,3541,131,"360","1","2","1"
"101","LP001345","Male","1","2","0","No",4288,3263,133,"180","1","0","1"
"102","LP001349","Male","0","0","1","No",4843,3806,151,"360","1","2","1"
"103","LP001350","Male","1","","1","No",13650,0,NA,"360","1","0","1"
"104","LP001356","Male","1","0","1","No",4652,3583,NA,"360","1","2","1"
"105","LP001357","Male",NA,"","1","No",3816,754,160,"360","1","0","1"
"106","LP001367","Male","1","1","1","No",3052,1030,100,"360","1","0","1"
"107","LP001369","Male","1","2","1","No",11417,1126,225,"360","1","0","1"
"108","LP001370","Male","0","0","0","",7333,0,120,"360","1","1","0"
"109","LP001379","Male","1","2","1","No",3800,3600,216,"360","0","0","0"
"110","LP001384","Male","1","3+","0","No",2071,754,94,"480","1","2","1"
"111","LP001385","Male","0","0","1","No",5316,0,136,"360","1","0","1"
"112","LP001387","Female","1","0","1","",2929,2333,139,"360","1","2","1"
"113","LP001391","Male","1","0","0","No",3572,4114,152,NA,"0","1","0"
"114","LP001392","Female","0","1","1","Yes",7451,0,NA,"360","1","2","1"
"115","LP001398","Male","0","0","1","",5050,0,118,"360","1","2","1"
"116","LP001401","Male","1","1","1","No",14583,0,185,"180","1","1","1"
"117","LP001404","Female","1","0","1","No",3167,2283,154,"360","1","2","1"
"118","LP001405","Male","1","1","1","No",2214,1398,85,"360",NA,"0","1"
"119","LP001421","Male","1","0","1","No",5568,2142,175,"360","1","1","0"
"120","LP001422","Female","0","0","1","No",10408,0,259,"360","1","0","1"
"121","LP001426","Male","1","","1","No",5667,2667,180,"360","1","1","1"
"122","LP001430","Female","0","0","1","No",4166,0,44,"360","1","2","1"
"123","LP001431","Female","0","0","1","No",2137,8980,137,"360","0","2","1"
"124","LP001432","Male","1","2","1","No",2957,0,81,"360","1","2","1"
"125","LP001439","Male","1","0","0","No",4300,2014,194,"360","1","1","1"
"126","LP001443","Female","0","0","1","No",3692,0,93,"360",NA,"1","1"
"127","LP001448","","1","3+","1","No",23803,0,370,"360","1","1","1"
"128","LP001449","Male","0","0","1","No",3865,1640,NA,"360","1","1","1"
"129","LP001451","Male","1","1","1","Yes",10513,3850,160,"180","0","0","0"
"130","LP001465","Male","1","0","1","No",6080,2569,182,"360",NA,"1","0"
"131","LP001469","Male","0","0","1","Yes",20166,0,650,"480",NA,"0","1"
"132","LP001473","Male","0","0","1","No",2014,1929,74,"360","1","0","1"
"133","LP001478","Male","0","0","1","No",2718,0,70,"360","1","2","1"
"134","LP001482","Male","1","0","1","Yes",3459,0,25,"120","1","2","1"
"135","LP001487","Male","0","0","1","No",4895,0,102,"360","1","2","1"
"136","LP001488","Male","1","3+","1","No",4000,7750,290,"360","1","2","0"
"137","LP001489","Female","1","0","1","No",4583,0,84,"360","1","1","0"
"138","LP001491","Male","1","2","1","Yes",3316,3500,88,"360","1","0","1"
"139","LP001492","Male","0","0","1","No",14999,0,242,"360","0","2","0"
"140","LP001493","Male","1","2","0","No",4200,1430,129,"360","1","1","0"
"141","LP001497","Male","1","2","1","No",5042,2083,185,"360","1","1","0"
"142","LP001498","Male","0","0","1","No",5417,0,168,"360","1","0","1"
"143","LP001504","Male","0","0","1","Yes",6950,0,175,"180","1","2","1"
"144","LP001507","Male","1","0","1","No",2698,2034,122,"360","1","2","1"
"145","LP001508","Male","1","2","1","No",11757,0,187,"180","1","0","1"
"146","LP001514","Female","1","0","1","No",2330,4486,100,"360","1","2","1"
"147","LP001516","Female","1","2","1","No",14866,0,70,"360","1","0","1"
"148","LP001518","Male","1","1","1","No",1538,1425,30,"360","1","0","1"
"149","LP001519","Female","0","0","1","No",10000,1666,225,"360","1","1","0"
"150","LP001520","Male","1","0","1","No",4860,830,125,"360","1","2","1"
"151","LP001528","Male","0","0","1","No",6277,0,118,"360","0","1","0"
"152","LP001529","Male","1","0","1","Yes",2577,3750,152,"360","1","1","1"
"153","LP001531","Male","0","0","1","No",9166,0,244,"360","1","0","0"
"154","LP001532","Male","1","2","0","No",2281,0,113,"360","1","1","0"
"155","LP001535","Male","0","0","1","No",3254,0,50,"360","1","0","1"
"156","LP001536","Male","1","3+","1","No",39999,0,600,"180","0","2","1"
"157","LP001541","Male","1","1","1","No",6000,0,160,"360",NA,"1","1"
"158","LP001543","Male","1","1","1","No",9538,0,187,"360","1","0","1"
"159","LP001546","Male","0","0","1","",2980,2083,120,"360","1","1","1"
"160","LP001552","Male","1","0","1","No",4583,5625,255,"360","1","2","1"
"161","LP001560","Male","1","0","0","No",1863,1041,98,"360","1","2","1"
"162","LP001562","Male","1","0","1","No",7933,0,275,"360","1","0","0"
"163","LP001565","Male","1","1","1","No",3089,1280,121,"360","0","2","0"
"164","LP001570","Male","1","2","1","No",4167,1447,158,"360","1","1","1"
"165","LP001572","Male","1","0","1","No",9323,0,75,"180","1","0","1"
"166","LP001574","Male","1","0","1","No",3707,3166,182,NA,"1","1","1"
"167","LP001577","Female","1","0","1","No",4583,0,112,"360","1","1","0"
"168","LP001578","Male","1","0","1","No",2439,3333,129,"360","1","1","1"
"169","LP001579","Male","0","0","1","No",2237,0,63,"480","0","2","0"
"170","LP001580","Male","1","2","1","No",8000,0,200,"360","1","2","1"
"171","LP001581","Male","1","0","0","",1820,1769,95,"360","1","1","1"
"172","LP001585","","1","3+","1","No",51763,0,700,"300","1","0","1"
"173","LP001586","Male","1","3+","0","No",3522,0,81,"180","1","1","0"
"174","LP001594","Male","1","0","1","No",5708,5625,187,"360","1","2","1"
"175","LP001603","Male","1","0","0","Yes",4344,736,87,"360","1","2","0"
"176","LP001606","Male","1","0","1","No",3497,1964,116,"360","1","1","1"
"177","LP001608","Male","1","2","1","No",2045,1619,101,"360","1","1","1"
"178","LP001610","Male","1","3+","1","No",5516,11300,495,"360","0","2","0"
"179","LP001616","Male","1","1","1","No",3750,0,116,"360","1","2","1"
"180","LP001630","Male","0","0","0","No",2333,1451,102,"480","0","0","0"
"181","LP001633","Male","1","1","1","No",6400,7250,180,"360","0","0","0"
"182","LP001634","Male","0","0","1","No",1916,5063,67,"360",NA,"1","0"
"183","LP001636","Male","1","0","1","No",4600,0,73,"180","1","2","1"
"184","LP001637","Male","1","1","1","No",33846,0,260,"360","1","2","0"
"185","LP001639","Female","1","0","1","No",3625,0,108,"360","1","2","1"
"186","LP001640","Male","1","0","1","Yes",39147,4750,120,"360","1","2","1"
"187","LP001641","Male","1","1","1","Yes",2178,0,66,"300","0","1","0"
"188","LP001643","Male","1","0","1","No",2383,2138,58,"360",NA,"1","1"
"189","LP001644","","1","0","1","Yes",674,5296,168,"360","1","1","1"
"190","LP001647","Male","1","0","1","No",9328,0,188,"180","1","1","1"
"191","LP001653","Male","0","0","0","No",4885,0,48,"360","1","1","1"
"192","LP001656","Male","0","0","1","No",12000,0,164,"360","1","2","0"
"193","LP001657","Male","1","0","0","No",6033,0,160,"360","1","0","0"
"194","LP001658","Male","0","0","1","No",3858,0,76,"360","1","2","1"
"195","LP001664","Male","0","0","1","No",4191,0,120,"360","1","1","1"
"196","LP001665","Male","1","1","1","No",3125,2583,170,"360","1","2","0"
"197","LP001666","Male","0","0","1","No",8333,3750,187,"360","1","1","1"
"198","LP001669","Female","0","0","0","No",1907,2365,120,NA,"1","0","1"
"199","LP001671","Female","1","0","1","No",3416,2816,113,"360",NA,"2","1"
"200","LP001673","Male","0","0","1","Yes",11000,0,83,"360","1","0","0"
"201","LP001674","Male","1","1","0","No",2600,2500,90,"360","1","2","1"
"202","LP001677","Male","0","2","1","No",4923,0,166,"360","0","2","1"
"203","LP001682","Male","1","3+","0","No",3992,0,NA,"180","1","0","0"
"204","LP001688","Male","1","1","0","No",3500,1083,135,"360","1","0","1"
"205","LP001691","Male","1","2","0","No",3917,0,124,"360","1","2","1"
"206","LP001692","Female","0","0","0","No",4408,0,120,"360","1","2","1"
"207","LP001693","Female","0","0","1","No",3244,0,80,"360","1","0","1"
"208","LP001698","Male","0","0","0","No",3975,2531,55,"360","1","1","1"
"209","LP001699","Male","0","0","1","No",2479,0,59,"360","1","0","1"
"210","LP001702","Male","0","0","1","No",3418,0,127,"360","1","2","0"
"211","LP001708","Female","0","0","1","No",10000,0,214,"360","1","2","0"
"212","LP001711","Male","1","3+","1","No",3430,1250,128,"360","0","2","0"
"213","LP001713","Male","1","1","1","Yes",7787,0,240,"360","1","0","1"
"214","LP001715","Male","1","3+","0","Yes",5703,0,130,"360","1","1","1"
"215","LP001716","Male","1","0","1","No",3173,3021,137,"360","1","0","1"
"216","LP001720","Male","1","3+","0","No",3850,983,100,"360","1","2","1"
"217","LP001722","Male","1","0","1","No",150,1800,135,"360","1","1","0"
"218","LP001726","Male","1","0","1","No",3727,1775,131,"360","1","2","1"
"219","LP001732","Male","1","2","1","",5000,0,72,"360","0","2","0"
"220","LP001734","Female","1","2","1","No",4283,2383,127,"360",NA,"2","1"
"221","LP001736","Male","1","0","1","No",2221,0,60,"360","0","0","0"
"222","LP001743","Male","1","2","1","No",4009,1717,116,"360","1","2","1"
"223","LP001744","Male","0","0","1","No",2971,2791,144,"360","1","2","1"
"224","LP001749","Male","1","0","1","No",7578,1010,175,NA,"1","2","1"
"225","LP001750","Male","1","0","1","No",6250,0,128,"360","1","2","1"
"226","LP001751","Male","1","0","1","No",3250,0,170,"360","1","1","0"
"227","LP001754","Male","1","","0","Yes",4735,0,138,"360","1","0","0"
"228","LP001758","Male","1","2","1","No",6250,1695,210,"360","1","2","1"
"229","LP001760","Male",NA,"","1","No",4758,0,158,"480","1","2","1"
"230","LP001761","Male","0","0","1","Yes",6400,0,200,"360","1","1","1"
"231","LP001765","Male","1","1","1","No",2491,2054,104,"360","1","2","1"
"232","LP001768","Male","1","0","1","",3716,0,42,"180","1","1","1"
"233","LP001770","Male","0","0","0","No",3189,2598,120,NA,"1","1","1"
"234","LP001776","Female","0","0","1","No",8333,0,280,"360","1","2","1"
"235","LP001778","Male","1","1","1","No",3155,1779,140,"360","1","2","1"
"236","LP001784","Male","1","1","1","No",5500,1260,170,"360","1","1","1"
"237","LP001786","Male","1","0","1","",5746,0,255,"360",NA,"0","0"
"238","LP001788","Female","0","0","1","Yes",3463,0,122,"360",NA,"0","1"
"239","LP001790","Female","0","1","1","No",3812,0,112,"360","1","1","1"
"240","LP001792","Male","1","1","1","No",3315,0,96,"360","1","2","1"
"241","LP001798","Male","1","2","1","No",5819,5000,120,"360","1","1","1"
"242","LP001800","Male","1","1","0","No",2510,1983,140,"180","1","0","0"
"243","LP001806","Male","0","0","1","No",2965,5701,155,"60","1","0","1"
"244","LP001807","Male","1","2","1","Yes",6250,1300,108,"360","1","1","1"
"245","LP001811","Male","1","0","0","No",3406,4417,123,"360","1","2","1"
"246","LP001813","Male","0","0","1","Yes",6050,4333,120,"180","1","0","0"
"247","LP001814","Male","1","2","1","No",9703,0,112,"360","1","0","1"
"248","LP001819","Male","1","1","0","No",6608,0,137,"180","1","0","1"
"249","LP001824","Male","1","1","1","No",2882,1843,123,"480","1","2","1"
"250","LP001825","Male","1","0","1","No",1809,1868,90,"360","1","0","1"
"251","LP001835","Male","1","0","0","No",1668,3890,201,"360","0","2","0"
"252","LP001836","Female","0","2","1","No",3427,0,138,"360","1","0","0"
"253","LP001841","Male","0","0","0","Yes",2583,2167,104,"360","1","1","1"
"254","LP001843","Male","1","1","0","No",2661,7101,279,"180","1","2","1"
"255","LP001844","Male","0","0","1","Yes",16250,0,192,"360","0","0","0"
"256","LP001846","Female","0","3+","1","No",3083,0,255,"360","1","1","1"
"257","LP001849","Male","0","0","0","No",6045,0,115,"360","0","1","0"
"258","LP001854","Male","1","3+","1","No",5250,0,94,"360","1","0","0"
"259","LP001859","Male","1","0","1","No",14683,2100,304,"360","1","1","0"
"260","LP001864","Male","1","3+","0","No",4931,0,128,"360",NA,"2","0"
"261","LP001865","Male","1","1","1","No",6083,4250,330,"360",NA,"0","1"
"262","LP001868","Male","0","0","1","No",2060,2209,134,"360","1","2","1"
"263","LP001870","Female","0","1","1","No",3481,0,155,"36","1","2","0"
"264","LP001871","Female","0","0","1","No",7200,0,120,"360","1","1","1"
"265","LP001872","Male","0","0","1","Yes",5166,0,128,"360","1","2","1"
"266","LP001875","Male","0","0","1","No",4095,3447,151,"360","1","1","1"
"267","LP001877","Male","1","2","1","No",4708,1387,150,"360","1","2","1"
"268","LP001882","Male","1","3+","1","No",4333,1811,160,"360","0","0","1"
"269","LP001883","Female","0","0","1","",3418,0,135,"360","1","1","0"
"270","LP001884","Female","0","1","1","No",2876,1560,90,"360","1","0","1"
"271","LP001888","Female","0","0","1","No",3237,0,30,"360","1","0","1"
"272","LP001891","Male","1","0","1","No",11146,0,136,"360","1","0","1"
"273","LP001892","Male","0","0","1","No",2833,1857,126,"360","1","1","1"
"274","LP001894","Male","1","0","1","No",2620,2223,150,"360","1","2","1"
"275","LP001896","Male","1","2","1","No",3900,0,90,"360","1","2","1"
"276","LP001900","Male","1","1","1","No",2750,1842,115,"360","1","2","1"
"277","LP001903","Male","1","0","1","No",3993,3274,207,"360","1","2","1"
"278","LP001904","Male","1","0","1","No",3103,1300,80,"360","1","0","1"
"279","LP001907","Male","1","0","1","No",14583,0,436,"360","1","2","1"
"280","LP001908","Female","1","0","0","No",4100,0,124,"360",NA,"1","1"
"281","LP001910","Male","0","1","0","Yes",4053,2426,158,"360","0","0","0"
"282","LP001914","Male","1","0","1","No",3927,800,112,"360","1","2","1"
"283","LP001915","Male","1","2","1","No",2301,985.7999878,78,"180","1","0","1"
"284","LP001917","Female","0","0","1","No",1811,1666,54,"360","1","0","1"
"285","LP001922","Male","1","0","1","No",20667,0,NA,"360","1","1","0"
"286","LP001924","Male","0","0","1","No",3158,3053,89,"360","1","1","1"
"287","LP001925","Female","0","0","1","Yes",2600,1717,99,"300","1","2","0"
"288","LP001926","Male","1","0","1","No",3704,2000,120,"360","1","1","1"
"289","LP001931","Female","0","0","1","No",4124,0,115,"360","1","2","1"
"290","LP001935","Male","0","0","1","No",9508,0,187,"360","1","1","1"
"291","LP001936","Male","1","0","1","No",3075,2416,139,"360","1","1","1"
"292","LP001938","Male","1","2","1","No",4400,0,127,"360","0","2","0"
"293","LP001940","Male","1","2","1","No",3153,1560,134,"360","1","0","1"
"294","LP001945","Female","0","","1","No",5417,0,143,"480","0","0","0"
"295","LP001947","Male","1","0","1","No",2383,3334,172,"360","1","2","1"
"296","LP001949","Male","1","3+","1","",4416,1250,110,"360","1","0","1"
"297","LP001953","Male","1","1","1","No",6875,0,200,"360","1","2","1"
"298","LP001954","Female","1","1","1","No",4666,0,135,"360","1","0","1"
"299","LP001955","Female","0","0","1","No",5000,2541,151,"480","1","1","0"
"300","LP001963","Male","1","1","1","No",2014,2925,113,"360","1","0","0"
"301","LP001964","Male","1","0","0","No",1800,2934,93,"360","0","0","0"
"302","LP001972","Male","1","","0","No",2875,1750,105,"360","1","2","1"
"303","LP001974","Female","0","0","1","No",5000,0,132,"360","1","1","1"
"304","LP001977","Male","1","1","1","No",1625,1803,96,"360","1","0","1"
"305","LP001978","Male","0","0","1","No",4000,2500,140,"360","1","1","1"
"306","LP001990","Male","0","0","0","No",2000,0,NA,"360","1","0","0"
"307","LP001993","Female","0","0","1","No",3762,1666,135,"360","1","1","1"
"308","LP001994","Female","0","0","1","No",2400,1863,104,"360","0","0","0"
"309","LP001996","Male","0","0","1","No",20233,0,480,"360","1","1","0"
"310","LP001998","Male","1","2","0","No",7667,0,185,"360",NA,"1","1"
"311","LP002002","Female","0","0","1","No",2917,0,84,"360","1","2","1"
"312","LP002004","Male","0","0","0","No",2927,2405,111,"360","1","2","1"
"313","LP002006","Female","0","0","1","No",2507,0,56,"360","1","1","1"
"314","LP002008","Male","1","2","1","Yes",5746,0,144,"84",NA,"1","1"
"315","LP002024","","1","0","1","No",2473,1843,159,"360","1","1","0"
"316","LP002031","Male","1","1","0","No",3399,1640,111,"180","1","0","1"
"317","LP002035","Male","1","2","1","No",3717,0,120,"360","1","2","1"
"318","LP002036","Male","1","0","1","No",2058,2134,88,"360",NA,"0","1"
"319","LP002043","Female","0","1","1","No",3541,0,112,"360",NA,"2","1"
"320","LP002050","Male","1","1","1","Yes",10000,0,155,"360","1","1","0"
"321","LP002051","Male","1","0","1","No",2400,2167,115,"360","1","2","1"
"322","LP002053","Male","1","3+","1","No",4342,189,124,"360","1","2","1"
"323","LP002054","Male","1","2","0","No",3601,1590,NA,"360","1","1","1"
"324","LP002055","Female","0","0","1","No",3166,2985,132,"360",NA,"1","1"
"325","LP002065","Male","1","3+","1","No",15000,0,300,"360","1","1","1"
"326","LP002067","Male","1","1","1","Yes",8666,4983,376,"360","0","1","0"
"327","LP002068","Male","0","0","1","No",4917,0,130,"360","0","1","1"
"328","LP002082","Male","1","0","1","Yes",5818,2160,184,"360","1","2","1"
"329","LP002086","Female","1","0","1","No",4333,2451,110,"360","1","0","0"
"330","LP002087","Female","0","0","1","No",2500,0,67,"360","1","0","1"
"331","LP002097","Male","0","1","1","No",4384,1793,117,"360","1","0","1"
"332","LP002098","Male","0","0","1","No",2935,0,98,"360","1","2","1"
"333","LP002100","Male","0","","1","No",2833,0,71,"360","1","0","1"
"334","LP002101","Male","1","0","1","",63337,0,490,"180","1","0","1"
"335","LP002103","","1","1","1","Yes",9833,1833,182,"180","1","0","1"
"336","LP002106","Male","1","","1","Yes",5503,4490,70,NA,"1","2","1"
"337","LP002110","Male","1","1","1","",5250,688,160,"360","1","1","1"
"338","LP002112","Male","1","2","1","Yes",2500,4600,176,"360","1","1","1"
"339","LP002113","Female","0","3+","0","No",1830,0,NA,"360","0","0","0"
"340","LP002114","Female","0","0","1","No",4160,0,71,"360","1","2","1"
"341","LP002115","Male","1","3+","0","No",2647,1587,173,"360","1","1","0"
"342","LP002116","Female","0","0","1","No",2378,0,46,"360","1","1","0"
"343","LP002119","Male","1","1","0","No",4554,1229,158,"360","1","0","1"
"344","LP002126","Male","1","3+","0","No",3173,0,74,"360","1","2","1"
"345","LP002128","Male","1","2","1","",2583,2330,125,"360","1","1","1"
"346","LP002129","Male","1","0","1","No",2499,2458,160,"360","1","2","1"
"347","LP002130","Male","1","","0","No",3523,3230,152,"360","0","1","0"
"348","LP002131","Male","1","2","0","No",3083,2168,126,"360","1","0","1"
"349","LP002137","Male","1","0","1","No",6333,4583,259,"360",NA,"2","1"
"350","LP002138","Male","1","0","1","No",2625,6250,187,"360","1","1","1"
"351","LP002139","Male","1","0","1","No",9083,0,228,"360","1","2","1"
"352","LP002140","Male","0","0","1","No",8750,4167,308,"360","1","1","0"
"353","LP002141","Male","1","3+","1","No",2666,2083,95,"360","1","1","1"
"354","LP002142","Female","1","0","1","Yes",5500,0,105,"360","0","1","0"
"355","LP002143","Female","1","0","1","No",2423,505,130,"360","1","2","1"
"356","LP002144","Female","0","","1","No",3813,0,116,"180","1","0","1"
"357","LP002149","Male","1","2","1","No",8333,3167,165,"360","1","1","1"
"358","LP002151","Male","1","1","1","No",3875,0,67,"360","1","0","0"
"359","LP002158","Male","1","0","0","No",3000,1666,100,"480","0","0","0"
"360","LP002160","Male","1","3+","1","No",5167,3167,200,"360","1","2","1"
"361","LP002161","Female","0","1","1","No",4723,0,81,"360","1","2","0"
"362","LP002170","Male","1","2","1","No",5000,3667,236,"360","1","2","1"
"363","LP002175","Male","1","0","1","No",4750,2333,130,"360","1","0","1"
"364","LP002178","Male","1","0","1","No",3013,3033,95,"300",NA,"0","1"
"365","LP002180","Male","0","0","1","Yes",6822,0,141,"360","1","1","1"
"366","LP002181","Male","0","0","0","No",6216,0,133,"360","1","1","0"
"367","LP002187","Male","0","0","1","No",2500,0,96,"480","1","2","0"
"368","LP002188","Male","0","0","1","No",5124,0,124,NA,"0","1","0"
"369","LP002190","Male","1","1","1","No",6325,0,175,"360","1","2","1"
"370","LP002191","Male","1","0","1","No",19730,5266,570,"360","1","1","0"
"371","LP002194","Female","0","0","1","Yes",15759,0,55,"360","1","2","1"
"372","LP002197","Male","1","2","1","No",5185,0,155,"360","1","2","1"
"373","LP002201","Male","1","2","1","Yes",9323,7873,380,"300","1","1","1"
"374","LP002205","Male","0","1","1","No",3062,1987,111,"180","0","0","0"
"375","LP002209","Female","0","0","1","",2764,1459,110,"360","1","0","1"
"376","LP002211","Male","1","0","1","No",4817,923,120,"180","1","0","1"
"377","LP002219","Male","1","3+","1","No",8750,4996,130,"360","1","1","1"
"378","LP002223","Male","1","0","1","No",4310,0,130,"360",NA,"2","1"
"379","LP002224","Male","0","0","1","No",3069,0,71,"480","1","0","0"
"380","LP002225","Male","1","2","1","No",5391,0,130,"360","1","0","1"
"381","LP002226","Male","1","0","1","",3333,2500,128,"360","1","2","1"
"382","LP002229","Male","0","0","1","No",5941,4232,296,"360","1","2","1"
"383","LP002231","Female","0","0","1","No",6000,0,156,"360","1","0","1"
"384","LP002234","Male","0","0","1","Yes",7167,0,128,"360","1","0","1"
"385","LP002236","Male","1","2","1","No",4566,0,100,"360","1","0","0"
"386","LP002237","Male","0","1","1","",3667,0,113,"180","1","0","1"
"387","LP002239","Male","0","0","0","No",2346,1600,132,"360","1","2","1"
"388","LP002243","Male","1","0","0","No",3010,3136,NA,"360","0","0","0"
"389","LP002244","Male","1","0","1","No",2333,2417,136,"360","1","0","1"
"390","LP002250","Male","1","0","1","No",5488,0,125,"360","1","1","1"
"391","LP002255","Male","0","3+","1","No",9167,0,185,"360","1","1","1"
"392","LP002262","Male","1","3+","1","No",9504,0,275,"360","1","1","1"
"393","LP002263","Male","1","0","1","No",2583,2115,120,"360",NA,"0","1"
"394","LP002265","Male","1","2","0","No",1993,1625,113,"180","1","2","1"
"395","LP002266","Male","1","2","1","No",3100,1400,113,"360","1","0","1"
"396","LP002272","Male","1","2","1","No",3276,484,135,"360",NA,"2","1"
"397","LP002277","Female","0","0","1","No",3180,0,71,"360","0","0","0"
"398","LP002281","Male","1","0","1","No",3033,1459,95,"360","1","0","1"
"399","LP002284","Male","0","0","0","No",3902,1666,109,"360","1","1","1"
"400","LP002287","Female","0","0","1","No",1500,1800,103,"360","0","2","0"
"401","LP002288","Male","1","2","0","No",2889,0,45,"180","0","0","0"
"402","LP002296","Male","0","0","0","No",2755,0,65,"300","1","1","0"
"403","LP002297","Male","0","0","1","No",2500,20000,103,"360","1","2","1"
"404","LP002300","Female","0","0","0","No",1963,0,53,"360","1","2","1"
"405","LP002301","Female","0","0","1","Yes",7441,0,194,"360","1","1","0"
"406","LP002305","Female","0","0","1","No",4547,0,115,"360","1","2","1"
"407","LP002308","Male","1","0","0","No",2167,2400,115,"360","1","0","1"
"408","LP002314","Female","0","0","0","No",2213,0,66,"360","1","1","1"
"409","LP002315","Male","1","1","1","No",8300,0,152,"300","0","2","0"
"410","LP002317","Male","1","3+","1","No",81000,0,360,"360","0","1","0"
"411","LP002318","Female","0","1","0","Yes",3867,0,62,"360","1","2","0"
"412","LP002319","Male","1","0","1","",6256,0,160,"360",NA,"0","1"
"413","LP002328","Male","1","0","0","No",6096,0,218,"360","0","1","0"
"414","LP002332","Male","1","0","0","No",2253,2033,110,"360","1","1","1"
"415","LP002335","Female","1","0","0","No",2149,3237,178,"360","0","2","0"
"416","LP002337","Female","0","0","1","No",2995,0,60,"360","1","0","1"
"417","LP002341","Female","0","1","1","No",2600,0,160,"360","1","0","0"
"418","LP002342","Male","1","2","1","Yes",1600,20000,239,"360","1","0","0"
"419","LP002345","Male","1","0","1","No",1025,2773,112,"360","1","1","1"
"420","LP002347","Male","1","0","1","No",3246,1417,138,"360","1","2","1"
"421","LP002348","Male","1","0","1","No",5829,0,138,"360","1","1","1"
"422","LP002357","Female","0","0","0","No",2720,0,80,NA,"0","0","0"
"423","LP002361","Male","1","0","1","No",1820,1719,100,"360","1","0","1"
"424","LP002362","Male","1","1","1","No",7250,1667,110,NA,"0","0","0"
"425","LP002364","Male","1","0","1","No",14880,0,96,"360","1","2","1"
"426","LP002366","Male","1","0","1","No",2666,4300,121,"360","1","1","1"
"427","LP002367","Female","0","1","0","No",4606,0,81,"360","1","1","0"
"428","LP002368","Male","1","2","1","No",5935,0,133,"360","1","2","1"
"429","LP002369","Male","1","0","1","No",2920,16.12000084,87,"360","1","1","1"
"430","LP002370","Male","0","0","0","No",2717,0,60,"180","1","0","1"
"431","LP002377","Female","0","1","1","Yes",8624,0,150,"360","1","2","1"
"432","LP002379","Male","0","0","1","No",6500,0,105,"360","0","1","0"
"433","LP002386","Male","0","0","1","",12876,0,405,"360","1","2","1"
"434","LP002387","Male","1","0","1","No",2425,2340,143,"360","1","2","1"
"435","LP002390","Male","0","0","1","No",3750,0,100,"360","1","0","1"
"436","LP002393","Female",NA,"","1","No",10047,0,NA,"240","1","2","1"
"437","LP002398","Male","0","0","1","No",1926,1851,50,"360","1","2","1"
"438","LP002401","Male","1","0","1","No",2213,1125,NA,"360","1","0","1"
"439","LP002403","Male","0","0","1","Yes",10416,0,187,"360","0","0","0"
"440","LP002407","Female","1","0","0","Yes",7142,0,138,"360","1","1","1"
"441","LP002408","Male","0","0","1","No",3660,5064,187,"360","1","2","1"
"442","LP002409","Male","1","0","1","No",7901,1833,180,"360","1","1","1"
"443","LP002418","Male","0","3+","0","No",4707,1993,148,"360","1","2","1"
"444","LP002422","Male","0","1","1","No",37719,0,152,"360","1","2","1"
"445","LP002424","Male","1","0","1","No",7333,8333,175,"300",NA,"1","1"
"446","LP002429","Male","1","1","1","Yes",3466,1210,130,"360","1","1","1"
"447","LP002434","Male","1","2","0","No",4652,0,110,"360","1","1","1"
"448","LP002435","Male","1","0","1","",3539,1376,55,"360","1","1","0"
"449","LP002443","Male","1","2","1","No",3340,1710,150,"360","0","1","0"
"450","LP002444","Male","0","1","0","Yes",2769,1542,190,"360",NA,"2","0"
"451","LP002446","Male","1","2","0","No",2309,1255,125,"360","0","1","0"
"452","LP002447","Male","1","2","0","No",1958,1456,60,"300",NA,"0","1"
"453","LP002448","Male","1","0","1","No",3948,1733,149,"360","0","1","0"
"454","LP002449","Male","1","0","1","No",2483,2466,90,"180","0","1","1"
"455","LP002453","Male","0","0","1","Yes",7085,0,84,"360","1","2","1"
"456","LP002455","Male","1","2","1","No",3859,0,96,"360","1","2","1"
"457","LP002459","Male","1","0","1","No",4301,0,118,"360","1","0","1"
"458","LP002467","Male","1","0","1","No",3708,2569,173,"360","1","0","0"
"459","LP002472","Male","0","2","1","No",4354,0,136,"360","1","1","1"
"460","LP002473","Male","1","0","1","No",8334,0,160,"360","1","2","0"
"461","LP002478","","1","0","1","Yes",2083,4083,160,"360",NA,"2","1"
"462","LP002484","Male","1","3+","1","No",7740,0,128,"180","1","0","1"
"463","LP002487","Male","1","0","1","No",3015,2188,153,"360","1","1","1"
"464","LP002489","Female","0","1","0","",5191,0,132,"360","1","2","1"
"465","LP002493","Male","0","0","1","No",4166,0,98,"360","0","2","0"
"466","LP002494","Male","0","0","1","No",6000,0,140,"360","1","1","1"
"467","LP002500","Male","1","3+","0","No",2947,1664,70,"180","0","0","0"
"468","LP002501","","1","0","1","No",16692,0,110,"360","1","2","1"
"469","LP002502","Female","1","2","0","",210,2917,98,"360","1","2","1"
"470","LP002505","Male","1","0","1","No",4333,2451,110,"360","1","0","0"
"471","LP002515","Male","1","1","1","Yes",3450,2079,162,"360","1","2","1"
"472","LP002517","Male","1","1","0","No",2653,1500,113,"180","0","1","0"
"473","LP002519","Male","1","3+","1","No",4691,0,100,"360","1","2","1"
"474","LP002522","Female","0","0","1","Yes",2500,0,93,"360",NA,"0","1"
"475","LP002524","Male","0","2","1","No",5532,4648,162,"360","1","1","1"
"476","LP002527","Male","1","2","1","Yes",16525,1014,150,"360","1","1","1"
"477","LP002529","Male","1","2","1","No",6700,1750,230,"300","1","2","1"
"478","LP002530","","1","2","1","No",2873,1872,132,"360","0","2","0"
"479","LP002531","Male","1","1","1","Yes",16667,2250,86,"360","1","2","1"
"480","LP002533","Male","1","2","1","No",2947,1603,NA,"360","1","0","0"
"481","LP002534","Female","0","0","0","No",4350,0,154,"360","1","1","1"
"482","LP002536","Male","1","3+","0","No",3095,0,113,"360","1","1","1"
"483","LP002537","Male","1","0","1","No",2083,3150,128,"360","1","2","1"
"484","LP002541","Male","1","0","1","No",10833,0,234,"360","1","2","1"
"485","LP002543","Male","1","2","1","No",8333,0,246,"360","1","2","1"
"486","LP002544","Male","1","1","0","No",1958,2436,131,"360","1","1","1"
"487","LP002545","Male","0","2","1","No",3547,0,80,"360","0","1","0"
"488","LP002547","Male","1","1","1","No",18333,0,500,"360","1","0","0"
"489","LP002555","Male","1","2","1","Yes",4583,2083,160,"360","1","2","1"
"490","LP002556","Male","0","0","1","No",2435,0,75,"360","1","0","0"
"491","LP002560","Male","0","0","0","No",2699,2785,96,"360",NA,"2","1"
"492","LP002562","Male","1","1","0","No",5333,1131,186,"360",NA,"0","1"
"493","LP002571","Male","0","0","0","No",3691,0,110,"360","1","1","1"
"494","LP002582","Female","0","0","0","Yes",17263,0,225,"360","1","2","1"
"495","LP002585","Male","1","0","1","No",3597,2157,119,"360","0","1","0"
"496","LP002586","Female","1","1","1","No",3326,913,105,"84","1","2","1"
"497","LP002587","Male","1","0","0","No",2600,1700,107,"360","1","1","1"
"498","LP002588","Male","1","0","1","No",4625,2857,111,"12",NA,"0","1"
"499","LP002600","Male","1","1","1","Yes",2895,0,95,"360","1","2","1"
"500","LP002602","Male","0","0","1","No",6283,4416,209,"360","0","1","0"
"501","LP002603","Female","0","0","1","No",645,3683,113,"480","1","1","1"
"502","LP002606","Female","0","0","1","No",3159,0,100,"360","1","2","1"
"503","LP002615","Male","1","2","1","No",4865,5624,208,"360","1","2","1"
"504","LP002618","Male","1","1","0","No",4050,5302,138,"360",NA,"1","0"
"505","LP002619","Male","1","0","0","No",3814,1483,124,"300","1","2","1"
"506","LP002622","Male","1","2","1","No",3510,4416,243,"360","1","1","1"
"507","LP002624","Male","1","0","1","No",20833,6667,480,"360",NA,"0","1"
"508","LP002625","","0","0","1","No",3583,0,96,"360","1","0","0"
"509","LP002626","Male","1","0","1","Yes",2479,3013,188,"360","1","0","1"
"510","LP002634","Female","0","1","1","No",13262,0,40,"360","1","0","1"
"511","LP002637","Male","0","0","0","No",3598,1287,100,"360","1","1","0"
"512","LP002640","Male","1","1","1","No",6065,2004,250,"360","1","2","1"
"513","LP002643","Male","1","2","1","No",3283,2035,148,"360","1","0","1"
"514","LP002648","Male","1","0","1","No",2130,6666,70,"180","1","2","0"
"515","LP002652","Male","0","0","1","No",5815,3666,311,"360","1","1","0"
"516","LP002659","Male","1","3+","1","No",3466,3428,150,"360","1","1","1"
"517","LP002670","Female","1","2","1","No",2031,1632,113,"480","1","2","1"
"518","LP002682","Male","1","","0","No",3074,1800,123,"360","0","2","0"
"519","LP002683","Male","0","0","1","No",4683,1915,185,"360","1","2","0"
"520","LP002684","Female","0","0","0","No",3400,0,95,"360","1","1","0"
"521","LP002689","Male","1","2","0","No",2192,1742,45,"360","1","2","1"
"522","LP002690","Male","0","0","1","No",2500,0,55,"360","1","2","1"
"523","LP002692","Male","1","3+","1","Yes",5677,1424,100,"360","1","1","1"
"524","LP002693","Male","1","2","1","Yes",7948,7166,480,"360","1","1","1"
"525","LP002697","Male","0","0","1","No",4680,2087,NA,"360","1","2","0"
"526","LP002699","Male","1","2","1","Yes",17500,0,400,"360","1","1","1"
"527","LP002705","Male","1","0","1","No",3775,0,110,"360","1","2","1"
"528","LP002706","Male","1","1","0","No",5285,1430,161,"360","0","2","1"
"529","LP002714","Male","0","1","0","No",2679,1302,94,"360","1","2","1"
"530","LP002716","Male","0","0","0","No",6783,0,130,"360","1","2","1"
"531","LP002717","Male","1","0","1","No",1025,5500,216,"360",NA,"1","1"
"532","LP002720","Male","1","3+","1","No",4281,0,100,"360","1","0","1"
"533","LP002723","Male","0","2","1","No",3588,0,110,"360","0","1","0"
"534","LP002729","Male","0","1","1","No",11250,0,196,"360",NA,"2","0"
"535","LP002731","Female","0","0","0","Yes",18165,0,125,"360","1","0","1"
"536","LP002732","Male","0","0","0","",2550,2042,126,"360","1","1","1"
"537","LP002734","Male","1","0","1","No",6133,3906,324,"360","1","0","1"
"538","LP002738","Male","0","2","1","No",3617,0,107,"360","1","2","1"
"539","LP002739","Male","1","0","0","No",2917,536,66,"360","1","1","0"
"540","LP002740","Male","1","3+","1","No",6417,0,157,"180","1","1","1"
"541","LP002741","Female","1","1","1","No",4608,2845,140,"180","1","2","1"
"542","LP002743","Female","0","0","1","No",2138,0,99,"360","0","2","0"
"543","LP002753","Female","0","1","1","",3652,0,95,"360","1","2","1"
"544","LP002755","Male","1","1","0","No",2239,2524,128,"360","1","0","1"
"545","LP002757","Female","1","0","0","No",3017,663,102,"360",NA,"2","1"
"546","LP002767","Male","1","0","1","No",2768,1950,155,"360","1","1","1"
"547","LP002768","Male","0","0","0","No",3358,0,80,"36","1","2","0"
"548","LP002772","Male","0","0","1","No",2526,1783,145,"360","1","1","1"
"549","LP002776","Female","0","0","1","No",5000,0,103,"360","0","2","0"
"550","LP002777","Male","1","0","1","No",2785,2016,110,"360","1","1","1"
"551","LP002778","Male","1","2","1","Yes",6633,0,NA,"360","0","1","0"
"552","LP002784","Male","1","1","0","No",2492,2375,NA,"360","1","1","1"
"553","LP002785","Male","1","1","1","No",3333,3250,158,"360","1","0","1"
"554","LP002788","Male","1","0","0","No",2454,2333,181,"360","0","0","0"
"555","LP002789","Male","1","0","1","No",3593,4266,132,"180","0","1","0"
"556","LP002792","Male","1","1","1","No",5468,1032,26,"360","1","2","1"
"557","LP002794","Female","0","0","1","No",2667,1625,84,"360",NA,"0","1"
"558","LP002795","Male","1","3+","1","Yes",10139,0,260,"360","1","2","1"
"559","LP002798","Male","1","0","1","No",3887,2669,162,"360","1","2","1"
"560","LP002804","Female","1","0","1","No",4180,2306,182,"360","1","2","1"
"561","LP002807","Male","1","2","0","No",3675,242,108,"360","1","2","1"
"562","LP002813","Female","1","1","1","Yes",19484,0,600,"360","1","2","1"
"563","LP002820","Male","1","0","1","No",5923,2054,211,"360","1","1","1"
"564","LP002821","Male","0","0","0","Yes",5800,0,132,"360","1","2","1"
"565","LP002832","Male","1","2","1","No",8799,0,258,"360","0","0","0"
"566","LP002833","Male","1","0","0","No",4467,0,120,"360",NA,"1","1"
"567","LP002836","Male","0","0","1","No",3333,0,70,"360","1","0","1"
"568","LP002837","Male","1","3+","1","No",3400,2500,123,"360","0","1","0"
"569","LP002840","Female","0","0","1","No",2378,0,9,"360","1","0","0"
"570","LP002841","Male","1","0","1","No",3166,2064,104,"360","0","0","0"
"571","LP002842","Male","1","1","1","No",3417,1750,186,"360","1","0","1"
"572","LP002847","Male","1","","1","No",5116,1451,165,"360","0","0","0"
"573","LP002855","Male","1","2","1","No",16666,0,275,"360","1","0","1"
"574","LP002862","Male","1","2","0","No",6125,1625,187,"480","1","2","0"
"575","LP002863","Male","1","3+","1","No",6406,0,150,"360","1","2","0"
"576","LP002868","Male","1","2","1","No",3159,461,108,"84","1","0","1"
"577","LP002872","","1","0","1","No",3087,2210,136,"360","0","2","0"
"578","LP002874","Male","0","0","1","No",3229,2739,110,"360","1","0","1"
"579","LP002877","Male","1","1","1","No",1782,2232,107,"360","1","1","1"
"580","LP002888","Male","0","0","1","",3182,2917,161,"360","1","0","1"
"581","LP002892","Male","1","2","1","No",6540,0,205,"360","1","2","1"
"582","LP002893","Male","0","0","1","No",1836,33837,90,"360","1","0","0"
"583","LP002894","Female","1","0","1","No",3166,0,36,"360","1","2","1"
"584","LP002898","Male","1","1","1","No",1880,0,61,"360",NA,"1","0"
"585","LP002911","Male","1","1","1","No",2787,1917,146,"360","0","1","0"
"586","LP002912","Male","1","1","1","No",4283,3000,172,"84","1","1","0"
"587","LP002916","Male","1","0","1","No",2297,1522,104,"360","1","0","1"
"588","LP002917","Female","0","0","0","No",2165,0,70,"360","1","2","1"
"589","LP002925","","0","0","1","No",4750,0,94,"360","1","2","1"
"590","LP002926","Male","1","2","1","Yes",2726,0,106,"360","0","2","0"
"591","LP002928","Male","1","0","1","No",3000,3416,56,"180","1","2","1"
"592","LP002931","Male","1","2","1","Yes",6000,0,205,"240","1","2","0"
"593","LP002933","","0","3+","1","Yes",9357,0,292,"360","1","2","1"
"594","LP002936","Male","1","0","1","No",3859,3300,142,"180","1","1","1"
"595","LP002938","Male","1","0","1","Yes",16120,0,260,"360","1","0","1"
"596","LP002940","Male","0","0","0","No",3833,0,110,"360","1","1","1"
"597","LP002941","Male","1","2","0","Yes",6383,1000,187,"360","1","1","0"
"598","LP002943","Male","0","","1","No",2987,0,88,"360","0","2","0"
"599","LP002945","Male","1","0","1","Yes",9963,0,180,"360","1","1","1"
"600","LP002948","Male","1","2","1","No",5780,0,192,"360","1","0","1"
"601","LP002949","Female","0","3+","1","",416,41667,350,"180",NA,"0","0"
"602","LP002950","Male","1","0","0","",2894,2792,155,"360","1","1","1"
"603","LP002953","Male","1","3+","1","No",5703,0,128,"360","1","0","1"
"604","LP002958","Male","0","0","1","No",3676,4301,172,"360","1","1","1"
"605","LP002959","Female","1","1","1","No",12000,0,496,"360","1","2","1"
"606","LP002960","Male","1","0","0","No",2400,3800,NA,"180","1","0","0"
"607","LP002961","Male","1","1","1","No",3400,2500,173,"360","1","2","1"
"608","LP002964","Male","1","2","0","No",3987,1411,157,"360","1","1","1"
"609","LP002974","Male","1","0","1","No",3232,1950,108,"360","1","1","1"
"610","LP002978","Female","0","0","1","No",2900,0,71,"360","1","1","1"
"611","LP002979","Male","1","3+","1","No",4106,0,40,"180","1","1","1"
"612","LP002983","Male","1","1","1","No",8072,240,253,"360","1","0","1"
"613","LP002984","Male","1","2","1","No",7583,0,187,"360","1","0","1"
"614","LP002990","Female","0","0","1","Yes",4583,0,133,"360","0","2","0"
